name,image,team,battingStyle,bowlingStyle,playingRole
RuturajGaikwad,"https://img1.hscicdn.com/image/upload/f_auto,t_ds_square_w_320/lsci/db/PICTURES/CMS/322200/322236.png",Super Kings,Right hand Bat,Right arm Offbreak,Batter
FafduPlessis,"https://img1.hscicdn.com/image/upload/f_auto,t_ds_square_w_320/lsci/db/PICTURES/CMS/316500/316559.png",Super Kings,Right hand Bat,Legbreak,Middle order Batter
RobinUthappa,"https://img1.hscicdn.com/image/upload/f_auto,t_ds_square_w_320/lsci/db/PICTURES/CMS/322500/322555.png",Super Kings,Right hand Bat,Right arm Medium,Batter
MoeenAli,"https://img1.hscicdn.com/image/upload/f_auto,t_ds_square_w_320/lsci/db/PICTURES/CMS/316500/316557.png",Super Kings,Left hand Bat,Right arm Offbreak,Batting Allrounder
ShubmanGill,"https://img1.hscicdn.com/image/upload/f_auto,t_ds_square_w_320/lsci/db/PICTURES/CMS/322600/322697.png",KKR,Right hand Bat,Right arm Offbreak,Opening Batter
VenkateshIyer,"https://img1.hscicdn.com/image/upload/f_auto,t_ds_square_w_320/lsci/db/PICTURES/CMS/337100/337187.png",KKR,Left hand Bat,Right arm Medium,Allrounder
NitishRana,"https://img1.hscicdn.com/image/upload/f_auto,t_ds_square_w_320/lsci/db/PICTURES/CMS/323000/323054.png",KKR,Left hand Bat,"Right arm Medium, Right arm Offbreak, Legbreak",Middle order Batter
SunilNarine,"https://img1.hscicdn.com/image/upload/f_auto,t_ds_square_w_320/lsci/db/PICTURES/CMS/320100/320119.png",KKR,Left hand Bat,Right arm Offbreak,Bowling Allrounder
EoinMorgan,"https://img1.hscicdn.com/image/upload/f_auto,t_ds_square_w_320/lsci/db/PICTURES/CMS/316500/316564.png",KKR,Left hand Bat,Right arm Medium,Middle order Batter
DineshKarthik,"https://img1.hscicdn.com/image/upload/f_auto,t_ds_square_w_320/lsci/db/PICTURES/CMS/319900/319934.png",KKR,Right hand Bat,Right arm Offbreak,Wicketkeeper Batter
ShakibAlHasan,"https://img1.hscicdn.com/image/upload/f_auto,t_ds_square_w_320/lsci/db/PICTURES/CMS/316500/316581.png",KKR,Left hand Bat,Slow Left arm Orthodox,Allrounder
RahulTripathi,"https://img1.hscicdn.com/image/upload/f_auto,t_h_100_2x/lsci/db/PICTURES/CMS/356800/356821.1.png",KKR,Right hand Bat,Right arm Medium,Top order Batter
LockieFerguson,"https://img1.hscicdn.com/image/upload/f_auto,t_ds_square_w_320/lsci/db/PICTURES/CMS/321200/321239.png",KKR,Right hand Bat,Right arm Fast,Bowler
ShivamMavi,"https://img1.hscicdn.com/image/upload/f_auto,t_ds_square_w_320/lsci/db/PICTURES/CMS/341000/341042.png",KKR,Right hand Bat,Right arm Fast medium,Bowler
VarunChakravarthy,"https://img1.hscicdn.com/image/upload/f_auto,t_ds_square_w_320/lsci/db/PICTURES/CMS/331100/331167.png",KKR,Right hand Bat,Legbreak Googly,Bowler
DeepakChahar,"https://img1.hscicdn.com/image/upload/f_auto,t_ds_square_w_320/lsci/db/PICTURES/CMS/322700/322704.png",Super Kings,Right hand Bat,Right arm Medium,Bowler
JoshHazlewood,"https://img1.hscicdn.com/image/upload/f_auto,t_ds_square_w_320/lsci/db/PICTURES/CMS/316600/316622.png",Super Kings,Left hand Bat,Right arm Fast medium,Bowler
ShardulThakur,"https://img1.hscicdn.com/image/upload/f_auto,t_ds_square_w_320/lsci/db/PICTURES/CMS/322600/322696.png",Super Kings,Right hand Bat,Right arm Medium,Bowler
DwayneBravo,"https://img1.hscicdn.com/image/upload/f_auto,t_ds_square_w_320/lsci/db/PICTURES/CMS/320000/320092.png",Super Kings,Right hand Bat,Right arm Medium,Allrounder
RavindraJadeja,"https://img1.hscicdn.com/image/upload/f_auto,t_ds_square_w_320/lsci/db/PICTURES/CMS/316600/316600.png",Super Kings,Left hand Bat,Slow Left arm Orthodox,Allrounder
PrithviShaw,"https://img1.hscicdn.com/image/upload/f_auto,t_ds_square_w_320/lsci/db/PICTURES/CMS/322600/322622.png",Capitals,Right hand Bat,Right arm Offbreak,Opening Batter
ShikharDhawan,"https://img1.hscicdn.com/image/upload/f_auto,t_ds_square_w_320/lsci/db/PICTURES/CMS/316500/316524.png",Capitals,Left hand Bat,Right arm Offbreak,Opening Batter
MarcusStoinis,"https://img1.hscicdn.com/image/upload/f_auto,t_ds_square_w_320/lsci/db/PICTURES/CMS/321500/321596.png",Capitals,Right hand Bat,Right arm Medium,Batting Allrounder
ShreyasIyer,"https://img1.hscicdn.com/image/upload/f_auto,t_ds_square_w_320/lsci/db/PICTURES/CMS/323000/323035.png",Capitals,Right hand Bat,"Right arm Offbreak, Legbreak Googly",Top order Batter
RishabhPant,"https://img1.hscicdn.com/image/upload/f_auto,t_ds_square_w_320/lsci/db/PICTURES/CMS/323000/323036.png",Capitals,Left hand Bat,Not Available,Wicketkeeper Batter
ShimronHetmyer,"https://img1.hscicdn.com/image/upload/f_auto,t_ds_square_w_320/lsci/db/PICTURES/CMS/320100/320116.png",Capitals,Left hand Bat,Not Available,Top order Batter
AxarPatel,"https://img1.hscicdn.com/image/upload/f_auto,t_ds_square_w_320/lsci/db/PICTURES/CMS/331100/331164.png",Capitals,Left hand Bat,Slow Left arm Orthodox,Bowling Allrounder
AnrichNortje,"https://img1.hscicdn.com/image/upload/f_auto,t_ds_square_w_320/lsci/db/PICTURES/CMS/322000/322080.png",Capitals,Right hand Bat,Right arm Fast,Bowler
RavichandranAshwin,"https://img1.hscicdn.com/image/upload/f_auto,t_ds_square_w_320/lsci/db/PICTURES/CMS/316500/316521.png",Capitals,Right hand Bat,Right arm Offbreak,Bowling Allrounder
AveshKhan,"https://img1.hscicdn.com/image/upload/f_auto,t_ds_square_w_320/lsci/db/PICTURES/CMS/322200/322244.png",Capitals,Right hand Bat,Right arm Fast medium,Bowler
KagisoRabada,"https://img1.hscicdn.com/image/upload/f_auto,t_ds_square_w_320/lsci/db/PICTURES/CMS/320300/320376.png",Capitals,Left hand Bat,Right arm Fast,Bowler
DevduttPadikkal,"https://img1.hscicdn.com/image/upload/f_auto,t_ds_square_w_320/lsci/db/PICTURES/CMS/322200/322229.png",RCB,Left hand Bat,Right arm Offbreak,Top order Batter
ViratKohli,"https://img1.hscicdn.com/image/upload/f_auto,t_ds_square_w_320/lsci/db/PICTURES/CMS/316600/316605.png",RCB,Right hand Bat,Right arm Medium,Top order Batter
SrikarBharat,"https://img1.hscicdn.com/image/upload/f_auto,t_ds_square_w_320/lsci/db/PICTURES/CMS/354100/354136.png",RCB,Right hand Bat,Not Available,Wicketkeeper Batter
GlennMaxwell,"https://img1.hscicdn.com/image/upload/f_auto,t_ds_square_w_320/lsci/db/PICTURES/CMS/316600/316657.png",RCB,Right hand Bat,Right arm Offbreak,Batting Allrounder
Ab deVilliers,"https://img1.hscicdn.com/image/upload/f_auto,t_ds_square_w_320/lsci/db/PICTURES/CMS/316500/316555.png",RCB,Right hand Bat,Right arm Medium,Wicketkeeper Batter
ShahbazAhmed,"https://img1.hscicdn.com/image/upload/f_auto,t_ds_square_w_320/lsci/db/PICTURES/CMS/340300/340313.png",RCB,Left hand Bat,Slow Left arm Orthodox,Allrounder
DanChristian,"https://img1.hscicdn.com/image/upload/f_auto,t_ds_square_w_320/lsci/db/PICTURES/CMS/321500/321572.png",RCB,Right hand Bat,Right arm Fast medium,Allrounder
HarshalPatel,"https://img1.hscicdn.com/image/upload/f_auto,t_ds_square_w_320/lsci/db/PICTURES/CMS/322200/322276.png",RCB,Right hand Bat,Right arm Medium,Bowler
GeorgeGarton,"https://img1.hscicdn.com/image/upload/f_auto,t_ds_square_w_320/lsci/db/PICTURES/CMS/324300/324377.png",RCB,Left hand Bat,Left arm Fast,Bowling Allrounder
MohammedSiraj,"https://img1.hscicdn.com/image/upload/f_auto,t_ds_square_w_320/lsci/db/PICTURES/CMS/322600/322611.png",RCB,Right hand Bat,Right arm Fast,Bowler
YuzvendraChahal,"https://img1.hscicdn.com/image/upload/f_auto,t_ds_square_w_320/lsci/db/PICTURES/CMS/319900/319955.png",RCB,Right hand Bat,Legbreak Googly,Bowler
TomCurran,"https://img1.hscicdn.com/image/upload/f_auto,t_ds_square_w_320/lsci/db/PICTURES/CMS/323100/323112.png",Capitals,Right hand Bat,Right arm Fast medium,Bowling Allrounder
AmbatiRayudu,"https://img1.hscicdn.com/image/upload/f_auto,t_ds_square_w_320/lsci/db/PICTURES/CMS/316400/316499.png",Super Kings,Right hand Bat,Right arm Offbreak,Middle order Batter
MSDhoni,"https://img1.hscicdn.com/image/upload/f_auto,t_ds_square_w_320/lsci/db/PICTURES/CMS/319900/319946.png",Super Kings,Right hand Bat,Right arm Medium,Wicketkeeper Batter
RipalPatel,"https://img1.hscicdn.com/image/upload/f_auto,t_ds_square_w_320/lsci/db/PICTURES/CMS/339100/339158.png",Capitals,Right hand Bat,Right arm Medium fast,Middle order Batter
RohitSharma,"https://img1.hscicdn.com/image/upload/f_auto,t_ds_square_w_320/lsci/db/PICTURES/CMS/316500/316584.png",Mumbai,Right hand Bat,Right arm Offbreak,Top order Batter
IshanKishan,"https://img1.hscicdn.com/image/upload/f_auto,t_ds_square_w_320/lsci/db/PICTURES/CMS/331100/331165.png",Mumbai,Left hand Bat,Not Available,Wicketkeeper Batter
HardikPandya,"https://img1.hscicdn.com/image/upload/f_auto,t_ds_square_w_320/lsci/db/PICTURES/CMS/319900/319938.png",Mumbai,Right hand Bat,Right arm Medium fast,Allrounder
KieronPollard,"https://img1.hscicdn.com/image/upload/f_auto,t_ds_square_w_320/lsci/db/PICTURES/CMS/320100/320107.png",Mumbai,Right hand Bat,Right arm Medium,Batting Allrounder
SuryakumarYadav,"https://img1.hscicdn.com/image/upload/f_auto,t_ds_square_w_320/lsci/db/PICTURES/CMS/331100/331163.png",Mumbai,Right hand Bat,"Right arm Medium, Right arm Offbreak",Batter
JamesNeesham,"https://img1.hscicdn.com/image/upload/f_auto,t_ds_square_w_320/lsci/db/PICTURES/CMS/319700/319781.png",Mumbai,Left hand Bat,Right arm Medium fast,Batting Allrounder
KrunalPandya,"https://img1.hscicdn.com/image/upload/f_auto,t_ds_square_w_320/lsci/db/PICTURES/CMS/322600/322614.png",Mumbai,Left hand Bat,Slow Left arm Orthodox,Allrounder
NathanCoulter-Nile,"https://img1.hscicdn.com/image/upload/f_auto,t_ds_square_w_320/lsci/db/PICTURES/CMS/316600/316607.png",Mumbai,Right hand Bat,Right arm Fast,Bowling Allrounder
PiyushChawla,"https://img1.hscicdn.com/image/upload/f_auto,t_ds_square_w_320/lsci/db/PICTURES/CMS/322200/322272.png",Mumbai,Left hand Bat,Legbreak,Bowling Allrounder
JaspritBumrah,"https://img1.hscicdn.com/image/upload/f_auto,t_ds_square_w_320/lsci/db/PICTURES/CMS/319900/319940.png",Mumbai,Right hand Bat,Right arm Fast,Bowler
TrentBoult,"https://img1.hscicdn.com/image/upload/f_auto,t_ds_square_w_320/lsci/db/PICTURES/CMS/316600/316619.png",Mumbai,Right hand Bat,Left arm Fast medium,Bowler
JasonRoy,"https://img1.hscicdn.com/image/upload/f_auto,t_ds_square_w_320/lsci/db/PICTURES/CMS/319700/319791.png",Sunrisers,Right hand Bat,Not Available,Opening Batter
AbhishekSharma,"https://img1.hscicdn.com/image/upload/f_auto,t_ds_square_w_320/lsci/db/PICTURES/CMS/358000/358037.png",Sunrisers,Left hand Bat,Slow Left arm Orthodox,Allrounder
ManishPandey,"https://img1.hscicdn.com/image/upload/f_auto,t_ds_square_w_320/lsci/db/PICTURES/CMS/323000/323052.png",Sunrisers,Right hand Bat,Right arm Medium,Top order Batter
MohammadNabi,"https://img1.hscicdn.com/image/upload/f_auto,t_ds_square_w_320/lsci/db/PICTURES/CMS/316500/316558.png",Sunrisers,Right hand Bat,Right arm Offbreak,Allrounder
AbdulSamad,"https://img1.hscicdn.com/image/upload/f_auto,t_ds_square_w_320/lsci/db/PICTURES/CMS/339100/339145.png",Sunrisers,Right hand Bat,Legbreak,Batter
PriyamGarg,"https://img1.hscicdn.com/image/upload/f_auto,t_ds_square_w_320/lsci/db/PICTURES/CMS/339100/339155.png",Sunrisers,Right hand Bat,Right arm Medium,Top order Batter
JasonHolder,"https://img1.hscicdn.com/image/upload/f_auto,t_ds_square_w_320/lsci/db/PICTURES/CMS/316600/316673.png",Sunrisers,Right hand Bat,Right arm Medium fast,Bowling Allrounder
RashidKhan,"https://img1.hscicdn.com/image/upload/f_auto,t_ds_square_w_320/lsci/db/PICTURES/CMS/320500/320506.png",Sunrisers,Right hand Bat,Legbreak Googly,Bowling Allrounder
WriddhimanSaha,"https://img1.hscicdn.com/image/upload/f_auto,t_ds_square_w_320/lsci/db/PICTURES/CMS/323000/323033.png",Sunrisers,Right hand Bat,Not Available,Wicketkeeper Batter
SiddarthKaul,"https://img1.hscicdn.com/image/upload/f_auto,t_ds_square_w_320/lsci/db/PICTURES/CMS/324200/324220.png",Sunrisers,Right hand Bat,Right arm Medium,Bowler
UmranMalik,"https://img1.hscicdn.com/image/upload/f_auto,t_ds_square_w_320/lsci/db/PICTURES/CMS/343200/343263.png",Sunrisers,Right hand Bat,Right arm Fast,Bowler
YashasviJaiswal,"https://img1.hscicdn.com/image/upload/f_auto,t_ds_square_w_320/lsci/db/PICTURES/CMS/340300/340309.png",Royals,Left hand Bat,Legbreak,Opening Batter
LiamLivingstone,"https://img1.hscicdn.com/image/upload/f_auto,t_ds_square_w_320/lsci/db/PICTURES/CMS/323100/323103.png",Royals,Right hand Bat,"Right arm Offbreak, Legbreak",Batting Allrounder
SanjuSamson,"https://img1.hscicdn.com/image/upload/f_auto,t_ds_square_w_320/lsci/db/PICTURES/CMS/322700/322701.png",Royals,Right hand Bat,Not Available,Wicketkeeper Batter
ShivamDube,"https://img1.hscicdn.com/image/upload/f_auto,t_ds_square_w_320/lsci/db/PICTURES/CMS/322700/322703.png",Royals,Left hand Bat,Right arm Medium,Allrounder
AnujRawat,"https://img1.hscicdn.com/image/upload/f_auto,t_ds_square_w_320/lsci/db/PICTURES/CMS/359700/359757.png",Royals,Left hand Bat,Not Available,Wicketkeeper Batter
GlennPhillips,"https://img1.hscicdn.com/image/upload/f_auto,t_ds_square_w_320/lsci/db/PICTURES/CMS/321200/321223.png",Royals,Right hand Bat,Right arm Offbreak,Allrounder
RahulTewatia,"https://img1.hscicdn.com/image/upload/f_auto,t_ds_square_w_320/lsci/db/PICTURES/CMS/322200/322269.png",Royals,Left hand Bat,Legbreak,Bowling Allrounder
ChrisMorris,"https://img1.hscicdn.com/image/upload/f_auto,t_ds_square_w_320/lsci/db/PICTURES/CMS/320300/320342.png",Royals,Right hand Bat,Right arm Fast medium,Bowling Allrounder
JaydevUnadkat,"https://img1.hscicdn.com/image/upload/f_auto,t_ds_square_w_320/lsci/db/PICTURES/CMS/322600/322698.png",Royals,Right hand Bat,Left arm Medium,Bowler
ChetanSakariya,"https://img1.hscicdn.com/image/upload/f_auto,t_ds_square_w_320/lsci/db/PICTURES/CMS/339100/339148.png",Royals,Left hand Bat,Left arm Medium fast,Bowler
MustafizurRahman,"https://img1.hscicdn.com/image/upload/f_auto,t_ds_square_w_320/lsci/db/PICTURES/CMS/319700/319734.png",Royals,Left hand Bat,Left arm Fast medium,Bowler
KLRahul,"https://img1.hscicdn.com/image/upload/f_auto,t_ds_square_w_320/lsci/db/PICTURES/CMS/319900/319942.png",Punjab Kings,Right hand Bat,Not Available,Wicketkeeper Batter
MayankAgarwal,"https://img1.hscicdn.com/image/upload/f_auto,t_ds_square_w_320/lsci/db/PICTURES/CMS/322600/322626.png",Punjab Kings,Right hand Bat,Right arm Offbreak,Batter
SarfarazKhan,"https://img1.hscicdn.com/image/upload/f_auto,t_ds_square_w_320/lsci/db/PICTURES/CMS/339100/339159.png",Punjab Kings,Right hand Bat,Legbreak,Middle order Batter
MShahrukhKhan,"https://img1.hscicdn.com/image/upload/f_auto,t_ds_square_w_320/lsci/db/PICTURES/CMS/359700/359756.png",Punjab Kings,Right hand Bat,Right arm Offbreak,Batter
AidenMarkram,"https://img1.hscicdn.com/image/upload/f_auto,t_ds_square_w_320/lsci/db/PICTURES/CMS/322000/322067.png",Punjab Kings,Right hand Bat,Right arm Offbreak,Opening Batter
MoisesHenriques,"https://img1.hscicdn.com/image/upload/f_auto,t_ds_square_w_320/lsci/db/PICTURES/CMS/321500/321588.png",Punjab Kings,Right hand Bat,Right arm Fast medium,Allrounder
MohammedShami,"https://img1.hscicdn.com/image/upload/f_auto,t_ds_square_w_320/lsci/db/PICTURES/CMS/316600/316691.png",Punjab Kings,Right hand Bat,Right arm Fast,Bowler
HarpreetBrar,"https://img1.hscicdn.com/image/upload/f_auto,t_ds_square_w_320/lsci/db/PICTURES/CMS/358000/358045.png",Punjab Kings,Left hand Bat,Slow Left arm Orthodox,Bowler
ArshdeepSingh,"https://img1.hscicdn.com/image/upload/f_auto,t_ds_square_w_320/lsci/db/PICTURES/CMS/322100/322178.png",Punjab Kings,Left hand Bat,Left arm Medium fast,Bowler
ChrisJordan,"https://img1.hscicdn.com/image/upload/f_auto,t_ds_square_w_320/lsci/db/PICTURES/CMS/316600/316623.png",Punjab Kings,Right hand Bat,Right arm Fast medium,Bowler
RaviBishnoi,"https://img1.hscicdn.com/image/upload/f_auto,t_ds_square_w_320/lsci/db/PICTURES/CMS/337100/337188.png",Punjab Kings,Right hand Bat,Legbreak Googly,Bowler
KaneWilliamson,"https://img1.hscicdn.com/image/upload/f_auto,t_ds_square_w_320/lsci/db/PICTURES/CMS/316600/316618.png",Sunrisers,Right hand Bat,Right arm Offbreak,Top order Batter
BhuvneshwarKumar,"https://img1.hscicdn.com/image/upload/f_auto,t_ds_square_w_320/lsci/db/PICTURES/CMS/316600/316658.png",Sunrisers,Right hand Bat,Right arm Medium,Bowler
EvinLewis,"https://img1.hscicdn.com/image/upload/f_auto,t_ds_square_w_320/lsci/db/PICTURES/CMS/320000/320093.png",Royals,Left hand Bat,Not Available,Opening Batter
DavidMiller,"https://img1.hscicdn.com/image/upload/f_auto,t_ds_square_w_320/lsci/db/PICTURES/CMS/316600/316655.png",Royals,Left hand Bat,Right arm Offbreak,Middle order Batter
ShreyasGopal,"https://img1.hscicdn.com/image/upload/f_auto,t_ds_square_w_320/lsci/db/PICTURES/CMS/322200/322275.png",Royals,Right hand Bat,Legbreak,Allrounder
KuldipYadav,"https://img1.hscicdn.com/image/upload/f_auto,t_ds_square_w_320/lsci/db/PICTURES/CMS/319900/319943.png",Royals,Left hand Bat,Left arm Fast medium,Bowler
JayantYadav,"https://img1.hscicdn.com/image/upload/f_auto,t_ds_square_w_320/lsci/db/PICTURES/CMS/322500/322553.png",Mumbai,Right hand Bat,Right arm Offbreak,Bowler
TimSouthee,"https://img1.hscicdn.com/image/upload/f_auto,t_ds_square_w_320/lsci/db/PICTURES/CMS/316500/316596.png",KKR,Right hand Bat,Right arm Medium fast,Bowler
NicholasPooran,"https://img1.hscicdn.com/image/upload/f_auto,t_ds_square_w_320/lsci/db/PICTURES/CMS/320100/320109.png",Punjab Kings,Left hand Bat,Right arm Offbreak,Wicketkeeper Batter
SureshRaina,"https://img1.hscicdn.com/image/upload/f_auto,t_ds_square_w_320/lsci/db/PICTURES/CMS/316500/316523.png",Super Kings,Left hand Bat,Right arm Offbreak,Middle order Batter
AkashSingh,"https://img1.hscicdn.com/image/upload/f_auto,t_h_100_2x/lsci/db/PICTURES/CMS/315000/315007.jpg",Royals,Right hand Bat,Left arm Medium fast,Bowler
MayankMarkande,"https://img1.hscicdn.com/image/upload/f_auto,t_ds_square_w_320/lsci/db/PICTURES/CMS/355400/355403.png",Royals,Right hand Bat,Legbreak,Bowler
SamCurran,"https://img1.hscicdn.com/image/upload/f_auto,t_ds_square_w_320/lsci/db/PICTURES/CMS/323100/323113.png",Super Kings,Left hand Bat,Left arm Medium fast,Allrounder
KMAsif,"https://img1.hscicdn.com/image/upload/f_auto,t_ds_square_w_320/lsci/db/PICTURES/CMS/339100/339151.png",Super Kings,Right hand Bat,Right arm Medium,Bowler
QuintondeKock,"https://img1.hscicdn.com/image/upload/f_auto,t_ds_square_w_320/lsci/db/PICTURES/CMS/316600/316668.png",Mumbai,Left hand Bat,Not Available,Wicketkeeper Batter
SaurabhTiwary,"https://img1.hscicdn.com/image/upload/f_auto,t_ds_square_w_320/lsci/db/PICTURES/CMS/322200/322271.png",Mumbai,Left hand Bat,Not Available,Top order Batter
StevenSmith,"https://img1.hscicdn.com/image/upload/f_auto,t_ds_square_w_320/lsci/db/PICTURES/CMS/316600/316609.png",Capitals,Right hand Bat,Legbreak Googly,Top order Batter
TimSeifert,"https://img1.hscicdn.com/image/upload/f_auto,t_ds_square_w_320/lsci/db/PICTURES/CMS/321300/321313.png",KKR,Right hand Bat,Not Available,Wicketkeeper Batter
DeepakHooda,"https://img1.hscicdn.com/image/upload/f_auto,t_ds_square_w_320/lsci/db/PICTURES/CMS/345000/345083.png",Punjab Kings,Right hand Bat,Right arm Offbreak,Allrounder
FabianAllen,"https://img1.hscicdn.com/image/upload/f_auto,t_ds_square_w_320/lsci/db/PICTURES/CMS/321900/321999.png",Punjab Kings,Right hand Bat,Slow Left arm Orthodox,Bowling Allrounder
NathanEllis,"https://img1.hscicdn.com/image/upload/f_auto,t_ds_square_w_320/lsci/db/PICTURES/CMS/329700/329711.png",Punjab Kings,Right hand Bat,Right arm Fast medium,Bowler
SandeepSharma,"https://img1.hscicdn.com/image/upload/f_auto,t_ds_square_w_320/lsci/db/PICTURES/CMS/323000/323055.png",Sunrisers,Right hand Bat,Right arm Medium,Bowler
MahipalLomror,"https://img1.hscicdn.com/image/upload/f_auto,t_h_100_2x/lsci/db/PICTURES/CMS/315000/315015.jpg",Royals,Left hand Bat,Slow Left arm Orthodox,Allrounder
RiyanParag,"https://img1.hscicdn.com/image/upload/f_auto,t_ds_square_w_320/lsci/db/PICTURES/CMS/370900/370935.png",Royals,Right hand Bat,Legbreak,Top order Batter
KartikTyagi,"https://img1.hscicdn.com/image/upload/f_auto,t_ds_square_w_320/lsci/db/PICTURES/CMS/339100/339150.png",Royals,Right hand Bat,Right arm Fast,Bowler
MandeepSingh,"https://img1.hscicdn.com/image/upload/f_auto,t_ds_square_w_320/lsci/db/PICTURES/CMS/322600/322610.png",Punjab Kings,Right hand Bat,Right arm Medium,Allrounder
ChrisGayle,"https://img1.hscicdn.com/image/upload/f_auto,t_ds_square_w_320/lsci/db/PICTURES/CMS/316400/316494.png",Punjab Kings,Left hand Bat,Right arm Offbreak,Allrounder
RahulChahar,"https://img1.hscicdn.com/image/upload/f_auto,t_ds_square_w_320/lsci/db/PICTURES/CMS/331100/331166.png",Mumbai,Right hand Bat,Legbreak Googly,Bowler
LalitYadav,"https://img1.hscicdn.com/image/upload/f_auto,t_ds_square_w_320/lsci/db/PICTURES/CMS/339100/339152.png",Capitals,Right hand Bat,Right arm Offbreak,Allrounder
SandeepWarrier,"https://img1.hscicdn.com/image/upload/f_auto,t_ds_square_w_320/lsci/db/PICTURES/CMS/359700/359763.png",KKR,Right hand Bat,Right arm Medium,Bowler
KyleJamieson,"https://img1.hscicdn.com/image/upload/f_auto,t_ds_square_w_320/lsci/db/PICTURES/CMS/321200/321236.png",RCB,Right hand Bat,Right arm Fast medium,Bowler
AdamMilne,"https://img1.hscicdn.com/image/upload/f_auto,t_ds_square_w_320/lsci/db/PICTURES/CMS/316600/316689.png",Mumbai,Right hand Bat,Right arm Fast,Bowler
AndreRussell,"https://img1.hscicdn.com/image/upload/f_auto,t_ds_square_w_320/lsci/db/PICTURES/CMS/316600/316615.png",KKR,Right hand Bat,Right arm Fast,Allrounder
PrasidhKrishna,"https://img1.hscicdn.com/image/upload/f_auto,t_ds_square_w_320/lsci/db/PICTURES/CMS/322600/322617.png",KKR,Right hand Bat,Right arm Fast medium,Bowler
DavidWarner,"https://img1.hscicdn.com/image/upload/f_auto,t_ds_square_w_320/lsci/db/PICTURES/CMS/316500/316589.png",Sunrisers,Left hand Bat,Legbreak,Opening Batter
KedarJadhav,"https://img1.hscicdn.com/image/upload/f_auto,t_ds_square_w_320/lsci/db/PICTURES/CMS/323000/323031.png",Sunrisers,Right hand Bat,Right arm Offbreak,Batting Allrounder
KhaleelAhmed,"https://img1.hscicdn.com/image/upload/f_auto,t_ds_square_w_320/lsci/db/PICTURES/CMS/322200/322268.png",Sunrisers,Right hand Bat,Left arm Fast medium,Bowler
TabraizShamsi,"https://img1.hscicdn.com/image/upload/f_auto,t_ds_square_w_320/lsci/db/PICTURES/CMS/322000/322068.png",Royals,Right hand Bat,Left arm Wrist spin,Bowler
TimDavid,"https://img1.hscicdn.com/image/upload/f_auto,t_ds_square_w_320/lsci/db/PICTURES/CMS/340300/340305.png",RCB,Right hand Bat,Right arm Offbreak,Middle order Batter
WaninduHasaranga,"https://img1.hscicdn.com/image/upload/f_auto,t_ds_square_w_320/lsci/db/PICTURES/CMS/322900/322946.png",RCB,Right hand Bat,Legbreak,Allrounder
NavdeepSaini,"https://img1.hscicdn.com/image/upload/f_auto,t_ds_square_w_320/lsci/db/PICTURES/CMS/322700/322702.png",RCB,Right hand Bat,Right arm Fast,Bowler
IshanPorel,"https://img1.hscicdn.com/image/upload/f_auto,t_ds_square_w_320/lsci/db/PICTURES/CMS/340300/340307.png",Punjab Kings,Right hand Bat,Right arm Medium,Bowler
AdilRashid,"https://img1.hscicdn.com/image/upload/f_auto,t_ds_square_w_320/lsci/db/PICTURES/CMS/319700/319741.png",Punjab Kings,Right hand Bat,Legbreak,Bowler
SachinBaby,"https://img1.hscicdn.com/image/upload/f_auto,t_h_100_2x/lsci/db/PICTURES/CMS/281000/281081.1.jpg",RCB,Left hand Bat,Right arm Offbreak,Batter
AnmolpreetSingh,"https://img1.hscicdn.com/image/upload/f_auto,t_ds_square_w_320/lsci/db/PICTURES/CMS/358000/358038.png",Mumbai,Right hand Bat,Right arm Offbreak,Batter
PrabhsimranSingh,"https://img1.hscicdn.com/image/upload/f_auto,t_ds_square_w_320/lsci/db/PICTURES/CMS/358000/358040.png",Punjab Kings,Right hand Bat,Not Available,Wicketkeeper Batter
DawidMalan,"https://img1.hscicdn.com/image/upload/f_auto,t_ds_square_w_320/lsci/db/PICTURES/CMS/323000/323003.png",Punjab Kings,Left hand Bat,Legbreak,Top order Batter
IshantSharma,"https://img1.hscicdn.com/image/upload/f_auto,t_ds_square_w_320/lsci/db/PICTURES/CMS/316600/316602.png",Capitals,Right hand Bat,Right arm Fast medium,Bowler
RileyMeredith,"https://img1.hscicdn.com/image/upload/f_auto,t_ds_square_w_320/lsci/db/PICTURES/CMS/321600/321603.png",Punjab Kings,Right hand Bat,Right arm Fast,Bowler
JosButtler,"https://img1.hscicdn.com/image/upload/f_auto,t_ds_square_w_320/lsci/db/PICTURES/CMS/316600/316642.png",Royals,Right hand Bat,Not Available,Wicketkeeper Batter
JonnyBairstow,"https://img1.hscicdn.com/image/upload/f_auto,t_ds_square_w_320/lsci/db/PICTURES/CMS/319700/319794.png",Sunrisers,Right hand Bat,Right arm Medium,Wicketkeeper Batter
VijayShankar,"https://img1.hscicdn.com/image/upload/f_auto,t_ds_square_w_320/lsci/db/PICTURES/CMS/322600/322613.png",Sunrisers,Right hand Bat,Right arm Medium,Allrounder
DhawalKulkarni,"https://img1.hscicdn.com/image/upload/f_auto,t_ds_square_w_320/lsci/db/PICTURES/CMS/316600/316621.png",Mumbai,Right hand Bat,Right arm Medium,Bowler
LungiNgidi,"https://img1.hscicdn.com/image/upload/f_auto,t_ds_square_w_320/lsci/db/PICTURES/CMS/322000/322069.png",Super Kings,Right hand Bat,Right arm Fast medium,Bowler
RajatPatidar,https://static.cricbuzz.com/a/img/v1/152x152/i1/c234983/rajat-patidar.jpg,RCB,Right hand Bat,Right arm Offbreak,Top order Batter
DanielSams,"https://img1.hscicdn.com/image/upload/f_auto,t_ds_square_w_320/lsci/db/PICTURES/CMS/321500/321573.png",RCB,Right hand Bat,Left arm Fast medium,Allrounder
PatCummins,"https://img1.hscicdn.com/image/upload/f_auto,t_ds_square_w_320/lsci/db/PICTURES/CMS/316600/316692.png",KKR,Right hand Bat,Right arm Fast,Bowler
JagadeeshaSuchith,"https://img1.hscicdn.com/image/upload/f_auto,t_h_100_2x/lsci/db/PICTURES/CMS/309100/309109.png",Sunrisers,Left hand Bat,Slow Left arm Orthodox,Bowler
WashingtonSundar,"https://img1.hscicdn.com/image/upload/f_auto,t_ds_square_w_320/lsci/db/PICTURES/CMS/322600/322619.png",RCB,Left hand Bat,Right arm Offbreak,Bowling Allrounder
AmitMishra,"https://img1.hscicdn.com/image/upload/f_auto,t_ds_square_w_320/lsci/db/PICTURES/CMS/323000/323053.png",Capitals,Right hand Bat,Legbreak,Bowler
ImranTahir,"https://img1.hscicdn.com/image/upload/f_auto,t_ds_square_w_320/lsci/db/PICTURES/CMS/316500/316526.png",Super Kings,Right hand Bat,Legbreak Googly,Bowler
MananVohra,"https://img1.hscicdn.com/image/upload/f_auto,t_h_100_2x/lsci/db/PICTURES/CMS/356700/356788.1.png",Royals,Right hand Bat,Right arm Medium,Opening Batter
KaneRichardson,"https://img1.hscicdn.com/image/upload/f_auto,t_ds_square_w_320/lsci/db/PICTURES/CMS/321500/321594.png",RCB,Right hand Bat,Right arm Fast medium,Bowler
KamleshNagarkoti,"https://img1.hscicdn.com/image/upload/f_auto,t_ds_square_w_320/lsci/db/PICTURES/CMS/339100/339149.png",KKR,Right hand Bat,Right arm Fast,Bowler
MuruganAshwin,"https://img1.hscicdn.com/image/upload/f_auto,t_h_100_2x/lsci/db/PICTURES/CMS/362500/362592.1.png",Punjab Kings,Right hand Bat,Legbreak Googly,Bowler
ChrisWoakes,"https://img1.hscicdn.com/image/upload/f_auto,t_ds_square_w_320/lsci/db/PICTURES/CMS/316600/316603.png",Capitals,Right hand Bat,Right arm Fast medium,Allrounder
LukmanMeriwala,https://bcciplayerimages.s3.ap-south-1.amazonaws.com/playerheadshot/ipl/284/7803.png,Capitals,Left hand Bat,Left arm Fast medium,Bowler
JalajSaxena,"https://img1.hscicdn.com/image/upload/f_auto,t_h_100_2x/lsci/db/PICTURES/CMS/151600/151678.jpg",Punjab Kings,Right hand Bat,"Right arm Offbreak, Legbreak Googly",Allrounder
JhyeRichardson,"https://img1.hscicdn.com/image/upload/f_auto,t_ds_square_w_320/lsci/db/PICTURES/CMS/321500/321591.png",Punjab Kings,Right hand Bat,Right arm Fast,Bowler
HarbhajanSingh,"https://img1.hscicdn.com/image/upload/f_auto,t_ds_square_w_320/lsci/db/PICTURES/CMS/319900/319937.png",KKR,Right hand Bat,Right arm Offbreak,Bowler
ViratSingh,https://bcciplayerimages.s3.ap-south-1.amazonaws.com/playerheadshot/ipl/284/6966.png,Sunrisers,Left hand Bat,Legbreak Googly,Top order Batter
MujeebUrRahman,"https://img1.hscicdn.com/image/upload/f_auto,t_ds_square_w_320/lsci/db/PICTURES/CMS/320500/320501.png",Sunrisers,Right hand Bat,Right arm Offbreak,Bowler
AjinkyaRahane,"https://img1.hscicdn.com/image/upload/f_auto,t_ds_square_w_320/lsci/db/PICTURES/CMS/316600/316620.png",Capitals,Right hand Bat,Right arm Medium,Top order Batter
ShahbazNadeem,"https://img1.hscicdn.com/image/upload/f_auto,t_ds_square_w_320/lsci/db/PICTURES/CMS/322700/322710.png",Sunrisers,Right hand Bat,Slow Left arm Orthodox,Bowler
TNatarajan,"https://img1.hscicdn.com/image/upload/f_auto,t_ds_square_w_320/lsci/db/PICTURES/CMS/322600/322699.png",Sunrisers,Left hand Bat,Left arm Medium,Bowler
MarcoJansen,"https://img1.hscicdn.com/image/upload/f_auto,t_ds_square_w_320/lsci/db/PICTURES/CMS/337100/337189.png",Mumbai,Right hand Bat,Left arm Medium fast,Bowling Allrounder
BenStokes,"https://img1.hscicdn.com/image/upload/f_auto,t_ds_square_w_320/lsci/db/PICTURES/CMS/319700/319748.png",Royals,Left hand Bat,Right arm Fast medium,Allrounder
ChrisLynn,"https://img1.hscicdn.com/image/upload/f_auto,t_ds_square_w_320/lsci/db/PICTURES/CMS/321500/321566.png",Mumbai,Right hand Bat,Slow Left arm Orthodox,Batter
ObedMcCoy,"https://img1.hscicdn.com/image/upload/f_auto,t_ds_square_w_320/lsci/db/PICTURES/CMS/322000/322031.png",Royals,Left hand Bat,Left arm Fast medium,Bowler
MatthewWade,"https://img1.hscicdn.com/image/upload/f_auto,t_ds_square_w_320/lsci/db/PICTURES/CMS/316500/316594.png",Titans,Left hand Bat,Right arm Medium,Wicketkeeper Batter
YashDayal,"https://img1.hscicdn.com/image/upload/f_auto,t_h_100_2x/lsci/db/PICTURES/CMS/357400/357416.2.jpg",Titans,Right hand Bat,Left arm Medium fast,Bowler
SaiKishore,"https://img1.hscicdn.com/image/upload/f_auto,t_h_100_2x/lsci/db/PICTURES/CMS/362500/362558.4.jpg",Titans,Left hand Bat,Slow Left arm Orthodox,Bowler
DushmanthaChameera,"https://img1.hscicdn.com/image/upload/f_auto,t_ds_square_w_320/lsci/db/PICTURES/CMS/319800/319862.png",Super Giants,Right hand Bat,Right arm Fast,Bowler
MohsinKhan,"https://img1.hscicdn.com/image/upload/f_auto,t_ds_square_w_320/lsci/db/PICTURES/CMS/359700/359759.png",Super Giants,Left hand Bat,Left arm Medium fast,Bowler
AlzarriJoseph,"https://img1.hscicdn.com/image/upload/f_auto,t_ds_square_w_320/lsci/db/PICTURES/CMS/321900/321943.png",Titans,Right hand Bat,Right arm Fast,Bowler
RomarioShepherd,"https://img1.hscicdn.com/image/upload/f_auto,t_ds_square_w_320/lsci/db/PICTURES/CMS/322000/322037.png",Sunrisers,Right hand Bat,Right arm Fast medium,Bowling Allrounder
JiteshSharma,https://bcciplayerimages.s3.ap-south-1.amazonaws.com/ipl/IPLHeadshot2023/1000.png,Punjab Kings,Right hand Bat,Not Available,Wicketkeeper Batter
PrerakMankad,https://bcciplayerimages.s3.ap-south-1.amazonaws.com/ipl/IPLHeadshot2023/998.png,Punjab Kings,Right hand Bat,Right arm Medium,Allrounder
FazalhaqFarooqi,"https://img1.hscicdn.com/image/upload/f_auto,t_ds_square_w_320/lsci/db/PICTURES/CMS/345000/345077.png",Sunrisers,Right hand Bat,Left arm Fast medium,Bowler
MitchellMarsh,"https://img1.hscicdn.com/image/upload/f_auto,t_ds_square_w_320/lsci/db/PICTURES/CMS/316600/316612.png",Capitals,Right hand Bat,Right arm Medium,Allrounder
RovmanPowell,"https://img1.hscicdn.com/image/upload/f_auto,t_ds_square_w_320/lsci/db/PICTURES/CMS/322100/322172.png",Capitals,Right hand Bat,Right arm Medium fast,Middle order Batter
KuldeepYadav,"https://img1.hscicdn.com/image/upload/f_auto,t_ds_square_w_320/lsci/db/PICTURES/CMS/319900/319943.png",Capitals,Left hand Bat,Left arm Wrist spin,Bowler
DewaldBrevis,"https://img1.hscicdn.com/image/upload/f_auto,t_ds_square_w_320/lsci/db/PICTURES/CMS/335100/335134.png",Mumbai,Right hand Bat,Legbreak,Batting Allrounder
TilakVarma,"https://img1.hscicdn.com/image/upload/f_auto,t_h_100_2x/lsci/db/PICTURES/CMS/314700/314790.jpg",Mumbai,Left hand Bat,Right arm Offbreak,Batting Allrounder
RamandeepSingh,"https://img1.hscicdn.com/image/upload/f_auto,t_h_100_2x/lsci/db/PICTURES/CMS/357800/357844.1.png",Mumbai,Right hand Bat,Right arm Medium,Middle order Batter
HrithikShokeen,"https://img1.hscicdn.com/image/upload/f_auto,t_ds_square_w_320/lsci/db/PICTURES/CMS/359700/359772.png",Mumbai,Right hand Bat,Right arm Offbreak,Bowler
DevonConway,"https://img1.hscicdn.com/image/upload/f_auto,t_ds_square_w_320/lsci/db/PICTURES/CMS/321200/321214.png",Super Kings,Left hand Bat,Right arm Medium,Wicketkeeper Batter
NarayanJagadeesan,"https://img1.hscicdn.com/image/upload/f_auto,t_ds_square_w_320/lsci/db/PICTURES/CMS/339100/339153.png",Super Kings,Right hand Bat,Not Available,Opening Batter
MitchellSantner,"https://img1.hscicdn.com/image/upload/f_auto,t_ds_square_w_320/lsci/db/PICTURES/CMS/319700/319792.png",Super Kings,Left hand Bat,Slow Left arm Orthodox,Bowling Allrounder
SimarjeetSingh,"https://img1.hscicdn.com/image/upload/f_auto,t_h_100_2x/lsci/db/PICTURES/CMS/356800/356835.1.png",Super Kings,Right hand Bat,Right arm Medium fast,Bowler
MukeshChoudhary,"https://img1.hscicdn.com/image/upload/f_auto,t_h_100_2x/lsci/db/PICTURES/CMS/356800/356834.1.png",Super Kings,Left hand Bat,Left arm Medium,Bowler
MatheeshaPathirana,"https://img1.hscicdn.com/image/upload/f_auto,t_ds_square_w_320/lsci/db/PICTURES/CMS/355400/355402.png",Super Kings,Right hand Bat,Right arm Fast,Bowler
PrashantSolanki,"https://img1.hscicdn.com/image/upload/f_auto,t_h_100_2x/lsci/db/PICTURES/CMS/356800/356836.1.png",Super Kings,Right hand Bat,Legbreak,Bowler
AbhijeetTomar,"https://img1.hscicdn.com/image/upload/f_auto,t_ds_square_w_320/lsci/db/PICTURES/CMS/341000/341044.png",KKR,Right hand Bat,Right arm Offbreak,Opening Batter
SamBillings,"https://img1.hscicdn.com/image/upload/f_auto,t_ds_square_w_320/lsci/db/PICTURES/CMS/322900/322932.png",KKR,Right hand Bat,Not Available,Wicketkeeper Batter
RinkuSingh,"https://img1.hscicdn.com/image/upload/f_auto,t_ds_square_w_320/lsci/db/PICTURES/CMS/341000/341043.png",KKR,Left hand Bat,Right arm Offbreak,Middle order Batter
UmeshYadav,"https://img1.hscicdn.com/image/upload/f_auto,t_ds_square_w_320/lsci/db/PICTURES/CMS/316600/316667.png",KKR,Right hand Bat,Right arm Fast,Bowler
KrishnappaGowtham,"https://img1.hscicdn.com/image/upload/f_auto,t_h_100_2x/lsci/db/PICTURES/CMS/356800/356850.1.png",Super Giants,Right hand Bat,Right arm Offbreak,Bowling Allrounder
TristanStubbs,"https://img1.hscicdn.com/image/upload/f_auto,t_ds_square_w_320/lsci/db/PICTURES/CMS/348500/348577.png",Mumbai,Right hand Bat,Right arm Offbreak,Wicketkeeper Batter
SanjayYadav,"https://img1.hscicdn.com/image/upload/f_auto,t_h_100_2x/lsci/db/PICTURES/CMS/362300/362338.4.jpg",Mumbai,Left hand Bat,Slow Left arm Orthodox,Allrounder
BhanukaRajapaksa,"https://img1.hscicdn.com/image/upload/f_auto,t_ds_square_w_320/lsci/db/PICTURES/CMS/340300/340306.png",Punjab Kings,Left hand Bat,Right arm Medium,Top order Batter
RishiDhawan,"https://img1.hscicdn.com/image/upload/f_auto,t_ds_square_w_320/lsci/db/PICTURES/CMS/322600/322604.png",Punjab Kings,Right hand Bat,Right arm Medium fast,Allrounder
AyushBadoni,https://bcciplayerimages.s3.ap-south-1.amazonaws.com/ipl/IPLHeadshot2023/985.png,Super Giants,Right hand Bat,Right arm Offbreak,Batter
ShashankSingh,"https://img1.hscicdn.com/image/upload/f_auto,t_h_100_2x/lsci/db/PICTURES/CMS/314900/314914.jpg",Sunrisers,Right hand Bat,"Right arm Medium, Right arm Offbreak",Batting Allrounder
MaheeshTheekshana,"https://img1.hscicdn.com/image/upload/f_auto,t_ds_square_w_320/lsci/db/PICTURES/CMS/347800/347825.png",Super Kings,Right hand Bat,Right arm Offbreak,Bowler
KumarKartikeya,"https://img1.hscicdn.com/image/upload/f_auto,t_ds_square_w_320/lsci/db/PICTURES/CMS/359700/359773.png",Mumbai,Right hand Bat,"Slow Left arm Orthodox, Left arm Wrist spin",Bowler
Rassie van derDussen,"https://img1.hscicdn.com/image/upload/f_auto,t_ds_square_w_320/lsci/db/PICTURES/CMS/322000/322070.png",Royals,Right hand Bat,Legbreak,Top order Batter
KuldeepSen,https://bcciplayerimages.s3.ap-south-1.amazonaws.com/ipl/IPLHeadshot2023/1005.png,Royals,Right hand Bat,Right arm Fast,Bowler
KaranSharma,"https://img1.hscicdn.com/image/upload/f_auto,t_ds_square_w_320/lsci/db/PICTURES/CMS/359700/359761.png",Super Giants,Right hand Bat,Right arm Offbreak,Allrounder
SheldonJackson,"https://img1.hscicdn.com/image/upload/f_auto,t_ds_square_w_320/lsci/db/PICTURES/CMS/341000/341037.png",KKR,Right hand Bat,Not Available,Wicketkeeper Batter
BabaIndrajith,"https://img1.hscicdn.com/image/upload/f_auto,t_h_100_2x/lsci/db/PICTURES/CMS/362300/362370.4.jpg",KKR,Right hand Bat,Legbreak Googly,Top order Batter
AaronFinch,"https://img1.hscicdn.com/image/upload/f_auto,t_ds_square_w_320/lsci/db/PICTURES/CMS/316500/316533.png",KKR,Right hand Bat,Slow Left arm Orthodox,Top order Batter
AnukulRoy,"https://img1.hscicdn.com/image/upload/f_auto,t_ds_square_w_320/lsci/db/PICTURES/CMS/341000/341041.png",KKR,Left hand Bat,Slow Left arm Orthodox,Allrounder
HarshitRana,"https://img1.hscicdn.com/image/upload/f_auto,t_ds_square_w_320/lsci/db/PICTURES/CMS/358000/358042.png",KKR,Right hand Bat,Right arm Fast,Bowler
SaiSudharsan,"https://img1.hscicdn.com/image/upload/f_auto,t_h_100_2x/lsci/db/PICTURES/CMS/361800/361891.1.png",Titans,Left hand Bat,Legbreak,Top order Batter
PradeepSangwan,"https://img1.hscicdn.com/image/upload/f_auto,t_ds_square_w_320/lsci/db/PICTURES/CMS/340300/340314.png",Titans,Right hand Bat,Left arm Medium,Bowler
SeanAbbott,"https://img1.hscicdn.com/image/upload/f_auto,t_ds_square_w_320/lsci/db/PICTURES/CMS/321600/321601.png",Sunrisers,Right hand Bat,Right arm Fast medium,Bowling Allrounder
DwainePretorius,"https://img1.hscicdn.com/image/upload/f_auto,t_ds_square_w_320/lsci/db/PICTURES/CMS/322000/322077.png",Super Kings,Right hand Bat,Right arm Medium fast,Bowling Allrounder
KarunNair,"https://img1.hscicdn.com/image/upload/f_auto,t_ds_square_w_320/lsci/db/PICTURES/CMS/322200/322267.png",Royals,Right hand Bat,Right arm Offbreak,Top order Batter
DarylMitchell,"https://img1.hscicdn.com/image/upload/f_auto,t_ds_square_w_320/lsci/db/PICTURES/CMS/321200/321212.png",Royals,Right hand Bat,Right arm Medium,Batting Allrounder
AbhinavManohar,https://bcciplayerimages.s3.ap-south-1.amazonaws.com/ipl/IPLHeadshot2023/974.png,Titans,Right hand Bat,Legbreak Googly,Batting Allrounder
SuyashPrabhudessai,"https://img1.hscicdn.com/image/upload/f_auto,t_ds_square_w_320/lsci/db/PICTURES/CMS/359700/359758.png",RCB,Right hand Bat,Right arm Medium,Batting Allrounder
VaibhavArora,"https://img1.hscicdn.com/image/upload/f_auto,t_h_100_2x/lsci/db/PICTURES/CMS/357000/357019.1.png",Punjab Kings,Right hand Bat,Right arm Fast medium,Bowler
OdeanSmith,"https://img1.hscicdn.com/image/upload/f_auto,t_ds_square_w_320/lsci/db/PICTURES/CMS/351800/351853.png",Punjab Kings,Right hand Bat,Right arm Fast medium,Bowling Allrounder
TymalMills,"https://img1.hscicdn.com/image/upload/f_auto,t_ds_square_w_320/lsci/db/PICTURES/CMS/323100/323104.png",Mumbai,Right hand Bat,Left arm Fast,Bowler
AmanHakimKhan,"https://img1.hscicdn.com/image/upload/f_auto,t_ds_square_w_320/lsci/db/PICTURES/CMS/341000/341035.png",KKR,Right hand Bat,Right arm Medium,Allrounder
BasilThampi,"https://img1.hscicdn.com/image/upload/f_auto,t_h_100_2x/lsci/db/PICTURES/CMS/309000/309057.jpg",Mumbai,Right hand Bat,Right arm Fast medium,Bowler
AkashDeep,"https://img1.hscicdn.com/image/upload/f_auto,t_ds_square_w_320/lsci/db/PICTURES/CMS/340300/340311.png",RCB,Right hand Bat,Right arm Fast medium,Bowling Allrounder
DarshanNalkande,https://www.espncricinfo.com/cricketers/darshan-nalkande-1111917,Titans,Right hand Bat,Right arm Fast medium,Bowler
RasikhSalam,"https://img1.hscicdn.com/image/upload/f_auto,t_ds_square_w_320/lsci/db/PICTURES/CMS/341000/341040.png",KKR,Right hand Bat,Right arm Medium,Bowler
DavidWilley,"https://img1.hscicdn.com/image/upload/f_auto,t_ds_square_w_320/lsci/db/PICTURES/CMS/322900/322904.png",RCB,Left hand Bat,Left arm Fast medium,Bowling Allrounder
AndrewTye,"https://img1.hscicdn.com/image/upload/f_auto,t_ds_square_w_320/lsci/db/PICTURES/CMS/322900/322904.png",Super Giants,Right hand Bat,Right arm Medium fast,Bowler
SherfaneRutherford,"https://img1.hscicdn.com/image/upload/f_auto,t_ds_square_w_320/lsci/db/PICTURES/CMS/322100/322173.png",RCB,Left hand Bat,Right arm Fast medium,Middle order Batter
VarunAaron,"https://img1.hscicdn.com/image/upload/f_auto,t_ds_square_w_320/lsci/db/PICTURES/CMS/322600/322609.png",Titans,Right hand Bat,Right arm Fast,Bowler
RajBawa,"https://img1.hscicdn.com/image/upload/f_auto,t_ds_square_w_320/lsci/db/PICTURES/CMS/339100/339156.png",Punjab Kings,Left hand Bat,Right arm Medium fast,Allrounder
TusharDeshpande,"https://img1.hscicdn.com/image/upload/f_auto,t_ds_square_w_320/lsci/db/PICTURES/CMS/339100/339160.png",Super Kings,Left hand Bat,Right arm Medium,Bowler
NoorAhmad,"https://img1.hscicdn.com/image/upload/f_auto,t_h_100_2x/lsci/db/PICTURES/CMS/372500/372590.1.png",Titans,Right hand Bat,Left arm Wrist spin,Bowler
JoshLittle,"https://img1.hscicdn.com/image/upload/f_auto,t_ds_square_w_320/lsci/db/PICTURES/CMS/367800/367860.png",Titans,Right hand Bat,Left arm Fast medium,Bowler
MohitSharma,"https://img1.hscicdn.com/image/upload/f_auto,t_ds_square_w_320/lsci/db/PICTURES/CMS/316700/316702.png",Titans,Right hand Bat,Right arm Medium,Bowler
NehalWadhera,"https://img1.hscicdn.com/image/upload/f_auto,t_h_100_2x/lsci/db/PICTURES/CMS/357800/357843.1.png",Mumbai,Left hand Bat,Legbreak,Top order Batter
CameronGreen,"https://img1.hscicdn.com/image/upload/f_auto,t_ds_square_w_320/lsci/db/PICTURES/CMS/321500/321569.png",Mumbai,Right hand Bat,Right arm Fast medium,Batting Allrounder
VishnuVinod,"https://img1.hscicdn.com/image/upload/f_auto,t_ds_square_w_320/lsci/db/PICTURES/CMS/359700/359774.png",Mumbai,Right hand Bat,Not Available,Wicketkeeper Batter
JasonBehrendorff,"https://img1.hscicdn.com/image/upload/f_auto,t_ds_square_w_320/lsci/db/PICTURES/CMS/321500/321589.png",Mumbai,Right hand Bat,Left arm Fast medium,Bowler
AkashMadhwal,"https://img1.hscicdn.com/image/upload/f_auto,t_h_100_2x/lsci/db/PICTURES/CMS/314900/314988.png",Mumbai,Right hand Bat,Right arm Medium fast,Bowler
KyleMayers,"https://img1.hscicdn.com/image/upload/f_auto,t_ds_square_w_320/lsci/db/PICTURES/CMS/322000/322024.png",Super Giants,Left hand Bat,Right arm Medium,Batting Allrounder
Naveen-ul-Haq,"https://img1.hscicdn.com/image/upload/f_auto,t_ds_square_w_320/lsci/db/PICTURES/CMS/320500/320502.png",Super Giants,Right hand Bat,Right arm Medium fast,Bowler
YashThakur,"https://img1.hscicdn.com/image/upload/f_auto,t_h_100_2x/lsci/db/PICTURES/CMS/356700/356790.1.png",Super Giants,Right hand Bat,Right arm Fast medium,Bowler
DasunShanaka,"https://img1.hscicdn.com/image/upload/f_auto,t_ds_square_w_320/lsci/db/PICTURES/CMS/328000/328058.png",Titans,Right hand Bat,Right arm Medium,Allrounder
MichaelBracewell,"https://img1.hscicdn.com/image/upload/f_auto,t_ds_square_w_320/lsci/db/PICTURES/CMS/346200/346245.png",RCB,Left hand Bat,Right arm Offbreak,Batting Allrounder
WayneParnell,"https://img1.hscicdn.com/image/upload/f_auto,t_ds_square_w_320/lsci/db/PICTURES/CMS/346200/346245.png",RCB,Left hand Bat,Left arm Medium fast,Bowler
VijaykumarVyshak,https://crictoday.com/wp-content/uploads/2024/01/Untitled-design-2024-01-12T103449.539-1.webp,RCB,Right hand Bat,Right arm Medium,Bowler
HimanshuSharma,"https://img1.hscicdn.com/image/upload/f_auto,t_h_100_2x/lsci/db/PICTURES/CMS/357600/357624.4.jpg",RCB,Right hand Bat,Legbreak,Bowler
VivrantSharma,https://bcciplayerimages.s3.ap-south-1.amazonaws.com/ipl/IPLHeadshot2023/1942.png,Sunrisers,Left hand Bat,Legbreak Googly,Allrounder
HeinrichKlaasen,"https://img1.hscicdn.com/image/upload/f_auto,t_ds_square_w_320/lsci/db/PICTURES/CMS/322000/322073.png",Sunrisers,Right hand Bat,Right arm Offbreak,Wicketkeeper Batter
HarryBrook,"https://img1.hscicdn.com/image/upload/f_auto,t_ds_square_w_320/lsci/db/PICTURES/CMS/324200/324246.png",Sunrisers,Right hand Bat,Right arm Medium,Batter
SanvirSingh,"https://img1.hscicdn.com/image/upload/f_auto,t_ds_square_w_320/lsci/db/PICTURES/CMS/359700/359765.png",Sunrisers,Right hand Bat,Right arm Medium,Allrounder
NitishKumarReddy,"https://img1.hscicdn.com/image/upload/f_auto,t_h_100_2x/lsci/db/PICTURES/CMS/314800/314899.png",Sunrisers,Right hand Bat,Right arm Medium fast,Batting Allrounder
MayankDagar,"https://img1.hscicdn.com/image/upload/f_auto,t_h_100_2x/lsci/db/PICTURES/CMS/356800/356822.1.png",Sunrisers,Right hand Bat,Slow Left arm Orthodox,Bowler
RahmanullahGurbaz,"https://img1.hscicdn.com/image/upload/f_auto,t_ds_square_w_320/lsci/db/PICTURES/CMS/320500/320504.png",KKR,Right hand Bat,Not Available,Wicketkeeper Batter
SuyashSharma,"https://img1.hscicdn.com/image/upload/f_auto,t_ds_square_w_320/lsci/db/PICTURES/CMS/358000/358041.png",KKR,Right hand Bat,Legbreak Googly,Bowler
PhilSalt,"https://img1.hscicdn.com/image/upload/f_auto,t_ds_square_w_320/lsci/db/PICTURES/CMS/324200/324245.png",Capitals,Right hand Bat,Right arm Offbreak,Wicketkeeper Batter
RileeRossouw,"https://img1.hscicdn.com/image/upload/f_auto,t_ds_square_w_320/lsci/db/PICTURES/CMS/316600/316651.png",Capitals,Left hand Bat,Right arm Offbreak,Top order Batter
YashDhull,"https://img1.hscicdn.com/image/upload/f_auto,t_ds_square_w_320/lsci/db/PICTURES/CMS/339100/339162.png",Capitals,Right hand Bat,Right arm Offbreak,Top order Batter
AtharvaTaide,"https://img1.hscicdn.com/image/upload/f_auto,t_ds_square_w_320/lsci/db/PICTURES/CMS/358000/358044.png",Punjab Kings,Left hand Bat,Slow Left arm Orthodox,Batting Allrounder
DhruvJurel,"https://img1.hscicdn.com/image/upload/f_auto,t_ds_square_w_320/lsci/db/PICTURES/CMS/340300/340310.png",Royals,Right hand Bat,Not Available,Wicketkeeper Batter
AdamZampa,"https://img1.hscicdn.com/image/upload/f_auto,t_ds_square_w_320/lsci/db/PICTURES/CMS/321500/321549.png",Royals,Right hand Bat,Legbreak Googly,Bowler
KarnSharma,"https://img1.hscicdn.com/image/upload/f_auto,t_ds_square_w_320/lsci/db/PICTURES/CMS/324200/324221.png",RCB,Left hand Bat,Legbreak Googly,Bowler
MukeshKumar,"https://img1.hscicdn.com/image/upload/f_auto,t_ds_square_w_320/lsci/db/PICTURES/CMS/373900/373907.png",Capitals,Right hand Bat,Right arm Medium,Bowler
SwapnilSingh,"https://img1.hscicdn.com/image/upload/f_auto,t_ds_square_w_320/lsci/db/PICTURES/CMS/358000/358047.png",Super Giants,Right hand Bat,Slow Left arm Orthodox,Bowler
JoeRoot,"https://img1.hscicdn.com/image/upload/f_auto,t_ds_square_w_320/lsci/db/PICTURES/CMS/316600/316639.png",Royals,Right hand Bat,"Right arm Offbreak, Legbreak",Top order Batter
SikandarRaza,"https://img1.hscicdn.com/image/upload/f_auto,t_ds_square_w_320/lsci/db/PICTURES/CMS/316600/316632.png",Punjab Kings,Right hand Bat,Right arm Offbreak,Batting Allrounder
PraveenDubey,"https://img1.hscicdn.com/image/upload/f_auto,t_h_100_2x/lsci/db/PICTURES/CMS/310700/310753.jpg",Capitals,Right hand Bat,Legbreak Googly,Bowler
YudhvirSingh,"https://img1.hscicdn.com/image/upload/f_auto,t_h_100_2x/lsci/db/PICTURES/CMS/314700/314789.jpg",Super Giants,Right hand Bat,Right arm Medium fast,Bowler
ArshadKhan,"https://img1.hscicdn.com/image/upload/f_auto,t_ds_square_w_320/lsci/db/PICTURES/CMS/326400/326499.png",Mumbai,Left hand Bat,Left arm Medium,Bowler
JofraArcher,"https://img1.hscicdn.com/image/upload/f_auto,t_ds_square_w_320/lsci/db/PICTURES/CMS/322900/322929.png",Mumbai,Right hand Bat,Right arm Fast,Bowler
RaghavGoyal,"https://img1.hscicdn.com/image/upload/f_auto,t_ds_square_w_320/lsci/db/PICTURES/CMS/359700/359771.png",Mumbai,Left hand Bat,Left arm Wrist spin,Bowler
MatthewShort,"https://img1.hscicdn.com/image/upload/f_auto,t_h_100_2x/lsci/db/PICTURES/CMS/179400/179415.1.jpg",Punjab Kings,Right hand Bat,Right arm Offbreak,Top order Batter
AkealHosein,"https://img1.hscicdn.com/image/upload/f_auto,t_ds_square_w_320/lsci/db/PICTURES/CMS/321900/321939.png",Sunrisers,Left hand Bat,Slow Left arm Orthodox,Bowler
DavidWiese,"https://img1.hscicdn.com/image/upload/f_auto,t_ds_square_w_320/lsci/db/PICTURES/CMS/322000/322079.png",KKR,Right hand Bat,Right arm Medium fast,Allrounder
GurnoorBrar,"https://img1.hscicdn.com/image/upload/f_auto,t_ds_square_w_320/lsci/db/PICTURES/CMS/359700/359764.png",Punjab Kings,Left hand Bat,Right arm Fast,Bowler
ArjunTendulkar,"https://img1.hscicdn.com/image/upload/f_auto,t_ds_square_w_320/lsci/db/PICTURES/CMS/359700/359770.png",Mumbai,Left hand Bat,Left arm Medium fast,Bowler
KulwantKhejroliya,"https://img1.hscicdn.com/image/upload/f_auto,t_ds_square_w_320/lsci/db/PICTURES/CMS/358000/358043.png",KKR,Left hand Bat,Left arm Medium fast,Bowler
AbdulBasith,https://www.mykhel.com/thumb/220x100x220/cricket/players/8/15228.1681814749.jpg,Royals,Right hand Bat,Right arm Offbreak,Allrounder
HarpreetSingh,"https://img1.hscicdn.com/image/upload/f_auto,t_h_100_2x/lsci/db/PICTURES/CMS/314900/314906.jpg",Punjab Kings,Left hand Bat,Right arm Medium,Batter
LittonDas,"https://img1.hscicdn.com/image/upload/f_auto,t_ds_square_w_320/lsci/db/PICTURES/CMS/319700/319727.png",KKR,Right hand Bat,Right arm Offbreak,Wicketkeeper Batter
DuanJansen,"https://img1.hscicdn.com/image/upload/f_auto,t_ds_square_w_320/lsci/db/PICTURES/CMS/366300/366302.png",Mumbai,Right hand Bat,Left arm Fast,Bowler
MarkWood,"https://img1.hscicdn.com/image/upload/f_auto,t_ds_square_w_320/lsci/db/PICTURES/CMS/316600/316660.png",Super Giants,Right hand Bat,Right arm Fast,Bowler
AbishekPorel,https://bcciplayerimages.s3.ap-south-1.amazonaws.com/ipl/IPLHeadshot2023/1580.png,Capitals,Left hand Bat,Not Available,Wicketkeeper Batter
SisandaMagala,"https://img1.hscicdn.com/image/upload/f_auto,t_ds_square_w_320/lsci/db/PICTURES/CMS/324200/324217.png",Super Kings,Right hand Bat,Right arm Fast medium,Bowler
MohitRathee,"https://img1.hscicdn.com/image/upload/f_auto,t_ds_square_w_320/lsci/db/PICTURES/CMS/359700/359760.png",Punjab Kings,Right hand Bat,Legbreak,Allrounder
RajvardhanHangargekar,"https://img1.hscicdn.com/image/upload/f_auto,t_ds_square_w_320/lsci/db/PICTURES/CMS/339100/339157.png",Super Kings,Right hand Bat,Right arm Fast medium,Bowling Allrounder
ReeceTopley,"https://img1.hscicdn.com/image/upload/f_auto,t_ds_square_w_320/lsci/db/PICTURES/CMS/322900/322910.png",RCB,Right hand Bat,Left arm Fast medium,Bowler
